Property URL,Property Name,Address,Bidding Starts,Bidding Ends,Starting Bid,Current Bid,Bid Increment,Reserve Status,Property Type,Year Built,Broker 1,Broker 2,Broker 3,Total Building Size,Building Size,Source,Scraped At
https://www.loopnet.com/Listing/2444-Music-Valley-Dr-Nashville-TN/36559827/,9.5-Acre Dev. Site Near Gaylord Opryland | 2444 Music Valley Dr,"2444 Music Valley Dr, Nashville, TN 37214",2025-11-17T19:00:00,2025-11-19T21:00:00,0,0,500000.0,Reserve Not Met,Land,,Jesse Lastofsky,Pace Zambito,,,,LoopNet,2025-09-30T18:04:10.344035
https://www.loopnet.com/Listing/1315-W-18th-St-Anderson-IN/31379431/,"1315 W 18th St, Anderson, IN 46016 - Industrial, Flex Warehouse | Indianapolis MSA | LoopNet","1315 W 18th St, Anderson, IN 46016",,,0,0,0,,,,,,,,,LoopNet,2025-09-30T18:04:13.787791
https://www.loopnet.com/Listing/1001-N-Capitol-St-NE-Washington-DC/33412908/,Value-Add Redevelopment Opportunity | NoMa DC | 1001 N Capitol St NE,"1001 N Capitol St NE, Washington, DC 20002",,,0,0,0,,,1981,Michael Goldman,Evins Roddy,Cheri Mascitelli,,,LoopNet,2025-09-30T18:04:19.904802
https://www.loopnet.com/Listing/12655-SW-Millikan-Way-Beaverton-OR/37388677/,Portland MSA | Development Tax Credit & QOZ | 12655 SW Millikan Way,"12655 SW Millikan Way, Beaverton, OR 97005",2025-10-20T19:00:00,2025-10-22T21:00:00,225000.0,0,100000.0,Reserve Not Met,Specialty,2006,Robbie MacNichol,Molly Patten,Jamison Shields,,,LoopNet,2025-09-30T18:04:30.933849
https://www.loopnet.com/Listing/4305-4325-E-11th-Ave-Hialeah-FL/37052476/,Cash-Flowing Industrial w/ Yard Space | Miami | 4305-4325 E 11th Ave,"4325 E 11th Ave, Hialeah, FL 33013",2025-11-03T19:00:00,2025-11-05T19:00:00,300000.0,0,100000.0,Reserve Not Met,Industrial,1951,Jose Maria De Guzman,Keisha Hartshorn,,,,LoopNet,2025-09-30T18:04:38.563297
https://www.loopnet.com/Listing/2445-State-Highway-30-Mayfield-NY/34495622/,User-Ready Warehouse Off NY 30 | 2445 State Highway 30,"2445 State Highway 30, Mayfield, NY 12117",2025-11-03T19:00:00,2025-11-05T19:00:00,200000.0,0,50000.0,Reserve Not Met,Industrial,1986,Craig Darby,Pace Zambito,,,,LoopNet,2025-09-30T18:04:47.668789
https://www.loopnet.com/Listing/129-Yuma-St-SE-Washington-DC/35215429/,"129 Yuma St SE, Washington, DC 20032 - 92% Leased Multifamily | DC Congress Heights | LoopNet","129 Yuma St SE, Washington, DC 20032",,,0,0,0,,,1953,,,,,,LoopNet,2025-09-30T18:04:51.894970
https://www.loopnet.com/Listing/450-American-St-Simi-Valley-CA/35001625/,Vacant Former Bank | Ideal Headquarters Opp | 450 American St,"450 American St, Simi Valley, CA 93065",2025-10-27T18:00:00,2025-10-29T21:30:00,4000000.0,0,1000000.0,Reserve Not Met,Office,1990,David Meir,Jack Minassian,Jameson Kuykendall,209404,209404,LoopNet,2025-09-30T18:04:58.920673
https://www.loopnet.com/Listing/14525-Lakewood-Blvd-Paramount-CA/34976075/,Fully Leased Retail w/ Walmart Shadow Anchor | 14525 Lakewood Blvd,"14525 Lakewood Blvd, Paramount, CA 90723",,,0,0,0,,,1993,Jenny Booth,Cheri Mascitelli,,11841,11841,LoopNet,2025-09-30T18:05:05.494338
https://www.loopnet.com/Listing/4259-Interstate-35-N-Waco-TX/33563989/,Hampton Inn Waco North | Baylor University | 4259 Interstate 35 N,"4259 Interstate 35 N, Waco, TX 76705",2025-11-10T19:00:00,2025-11-12T19:00:00,3000000.0,0,1000000.0,Reserve Not Met,Hospitality,1997,Jatin Jariwala,Amen Almukhtar,,,,LoopNet,2025-09-30T18:05:14.393305
https://www.loopnet.com/Listing/9237-San-Fernando-Rd-Sun-Valley-CA/36431657/,Renovated Turnkey Flex for Owner User | L.A. | 9237 San Fernando Rd,"9237 San Fernando Rd, Sun Valley, CA 91352",2025-10-13T19:00:00,2025-10-15T21:00:00,2250000.0,0,500000.0,Reserve Not Met,Industrial,1963,Jonathan Krikorian,Jameson Kuykendall,,,,LoopNet,2025-09-30T18:05:23.840711
https://www.loopnet.com/Listing/14425-Torrey-Chase-Blvd-Houston-TX/36884663/,Cash-Flowing Atrium Office in NW Houston Hub | 14425 Torrey Chase Blvd,"14425 Torrey Chase Blvd, Houston, TX 77014",,,0,0,0,,,1983,"Chase Talbot, CCIM","Justin Clark, CCIM, SIOR","Nathan Gaines, CCIM, SIOR",58125,58125,LoopNet,2025-09-30T18:05:27.589792
https://www.loopnet.com/Listing/Offices-Just-One-Block-from-Chico-State/37654276/,Offices Just One Block from Chico State,,,,0,0,0,,,,Michael Donnelly,Sophy Cardenas,Brian Littrell,,,LoopNet,2025-09-30T18:05:34.238770
https://www.loopnet.com/Listing/2085-Hylan-Dr-Rochester-NY/37145283/,Comfort Suites Rochester Henrietta | 2085 Hylan Dr,"2085 Hylan Dr, Rochester, NY 14623",2025-10-06T19:00:00,2025-10-08T19:30:00,200000.0,0,100000.0,Reserve Not Met,Hospitality,1999,Mike Schlictman,Andrew Makhlouf,Jameson Kuykendall,,,LoopNet,2025-09-30T18:05:40.571155
https://www.loopnet.com/Listing/6744-S-Howell-Ave-Oak-Creek-WI/37652088/,Office HQ / Industrial Redev. Opp | MKE MSA | 6744 S Howell Ave,"6744 S Howell Ave, Oak Creek, WI 53154",2025-11-10T19:00:00,2025-11-12T19:00:00,250000.0,0,100000.0,Reserve Not Met,Office,1996,Jack Trager,Tim Janusz,Rachel Schmidt,120882,120882,LoopNet,2025-09-30T18:05:49.886812
https://www.loopnet.com/Listing/213-Kleberg-Corpus-Christi-TX/37653634/,Beachfront Dev Site Near Top Attractions | 213 Kleberg,"213 Kleberg, Corpus Christi, TX 78402",2025-11-10T19:00:00,2025-11-12T19:00:00,125000.0,0,50000.0,Reserve Not Met,Land,,"Jon Galindo, CCIM",Keisha Hartshorn,,,,LoopNet,2025-09-30T18:06:03.931623
https://www.loopnet.com/Listing/2200-Pacific-Coast-Hwy-Hermosa-Beach-CA/36681880/,Turnkey South Bay Office Condo | #207 | 2200 Pacific Coast Hwy,"2200 Pacific Coast Hwy, Hermosa Beach, CA 90254",2025-10-06T19:00:00,2025-10-08T19:00:00,0,0,50000.0,Reserve Not Met,Office,1982,Richard Melbye,Min Hoang,,,,LoopNet,2025-09-30T18:06:13.990320
https://www.loopnet.com/Listing/515-Nash-St-Union-City-TN/36739845/,Rent-Subsidized East Gate Village Apartments | 515 Nash St,"515 Nash St, Union City, TN 38261",,,0,0,0,,,1971,John Snee,Casey Harrell,,,,LoopNet,2025-09-30T18:06:17.688925
https://www.loopnet.com/Listing/Rare-Historical-Retail-Office/31576039/,Rare Historical Retail & Office,,,,0,0,0,,,,Julie Santoboni,Taylor Cunningham,,,,LoopNet,2025-09-30T18:06:22.234092
https://www.loopnet.com/Listing/306-Main-St-Edgefield-SC/36074889/,STNL | US Renal Care | 306 Main St,"306 Main St, Edgefield, SC 29824",2025-09-25T19:00:00,2025-10-08T19:00:00,1.0,12501.0,2500.0,Reserve Met,Office,1990,Steven Schiavello,Patrick Gray,Pace Zambito,6250,6250,LoopNet,2025-09-30T18:06:29.857869
https://www.loopnet.com/Listing/3900-S-Cicero-Ave-Cicero-IL/37739178/,Turnkey Industrial Facility in Chicago MSA | 3900 S Cicero Ave,"3900 S Cicero Ave, Cicero, IL 60804",2025-11-10T19:00:00,2025-11-12T19:00:00,1250000.0,0,250000.0,Reserve Not Met,Industrial,1950,Jake Spinell,Brian Kling,Grant Cochran,,,LoopNet,2025-09-30T18:06:36.771828
https://www.loopnet.com/Listing/455-S-Hudson-St-Denver-CO/35401358/,"455 S Hudson St, Denver, CO 80246 - High-End Glendale Medical/Office | Denver MSA | LoopNet","455 S Hudson St, Denver, CO 80246",,,0,0,0,,,1985,,,,,,LoopNet,2025-09-30T18:06:40.384349
https://www.loopnet.com/Listing/555-Quince-Orchard-Rd-Gaithersburg-MD/37370872/,Quince Diamond Exec. Center | Receiver Sale | 555 Quince Orchard Rd,"555 Quince Orchard Rd, Gaithersburg, MD 20878",2025-10-20T19:00:00,2025-10-22T19:00:00,750000.0,0,250000.0,Reserve Not Met,Office,1990,Gerry Trainor,James Cardellicchio,Rowan Miller,1500,1500,LoopNet,2025-09-30T18:06:46.308385
https://www.loopnet.com/Listing/515-12th-St-SE-Salem-OR/37642333/,Turnkey Brewery & Prime Development Land | 515 12th St SE,"515 12th St SE, Salem, OR 97301",2025-11-10T19:00:00,2025-11-12T19:00:00,500000.0,0,100000.0,Reserve Not Met,Retail,1974,Brynn Estelle Telkamp,Debi Sommars,Amen Almukhtar,9297,9297,LoopNet,2025-09-30T18:06:51.011336
https://www.loopnet.com/Listing/6921-S-Lindbergh-Blvd-Saint-Louis-MO/36952733/,Aviator Hotel & Suites | SW Saint Louis I-55 | 6921 S Lindbergh Blvd,"6921 S Lindbergh Blvd, Saint Louis, MO 63125",2025-10-13T19:00:00,2025-10-15T19:00:00,1250000.0,0,250000.0,Reserve Not Met,Hospitality,1986,Stephen Leslie,Max Ervin,Amen Almukhtar,,,LoopNet,2025-09-30T18:07:01.391010
https://www.loopnet.com/Listing/5130-W-Peoria-Ave-Glendale-AZ/37387496/,Big-Box Former Sprouts Farmers Market | 5130 W Peoria Ave,"5130 W Peoria Ave, Glendale, AZ 85302",,,0,0,0,,,1976,Ian Grusd,Connor Curtin,Omar Rascon,30600,30600,LoopNet,2025-09-30T18:07:06.290865
https://www.loopnet.com/Listing/1120-S-Pointe-Pky-Shreveport-LA/37021979/,Fully Leased Office Complex | 1120 S Pointe Pky,"1120 S Pointe Pky, Shreveport, LA 71105",,,0,0,0,,,1983,Clyde Gumbs,Justin Caudill,Steve Greer,21630,21630,LoopNet,2025-09-30T18:07:12.410856
https://www.loopnet.com/Listing/275-277-Forest-Ave-Paramus-NJ/37421765/,Med/Office Strip + Bank Drive-Thru End Cap | 275-277 Forest Ave,"277 Forest Ave, Paramus, NJ 07652",2025-11-10T19:00:00,2025-11-12T21:00:00,3250000.0,0,1000000.0,Reserve Not Met,Office,1965,Seth Katz,Matt Miller,Victoria Quade,45900,45900,LoopNet,2025-09-30T18:07:19.162377
https://www.loopnet.com/Listing/24-S-Main-St-Thornville-OH/24982125/,Former PNC Bank | Value-Add Opportunity | 24 S Main St,"24 S Main St, Thornville, OH 43076",2025-10-02T19:00:00,2025-10-15T19:00:00,1.0,0,2500.0,Reserve Not Met,Retail,1980,Joe Davis,Sophy Cardenas,Tim Davis,4069,4069,LoopNet,2025-09-30T18:07:26.462839
https://www.loopnet.com/Listing/0S050-Winfield-Rd-Winfield-IL/36431596/,Winfield Town Center | Mixed-Use | 0S050 Winfield Rd,"050 Winfield Rd, Winfield, IL 60190",2025-10-27T18:00:00,2025-10-29T18:00:00,0,0,100000.0,Reserve Not Met,Retail,2006,Asif Dada,Pace Zambito,,25146,25146,LoopNet,2025-09-30T18:07:34.336967
https://www.loopnet.com/Listing/1656-Sawtelle-Blvd-Los-Angeles-CA/32597566/,RTI Site for 33 Units | Prime West LA | 1656 Sawtelle Blvd,"1656 Sawtelle Blvd, Los Angeles, CA 90025",2025-10-20T19:00:00,2025-10-22T20:00:00,750000.0,0,250000.0,Reserve Not Met,Land,,Filip Niculete,Glen Scher,Tony Dang,,,LoopNet,2025-09-30T18:07:41.134785
https://www.loopnet.com/Listing/2845-W-Cleveland-Rd-South-Bend-IN/36188082/,NNN Walgreens with Long Term Remaining | 2845 W Cleveland Rd,"2845 W Cleveland Rd, South Bend, IN 46628",2025-10-20T19:00:00,2025-10-22T19:30:00,550000.0,0,100000.0,Reserve Not Met,Retail,2005,"Brian Mulvaney, SIOR, CCIM","Josh West, SIOR",Brian Brockman,14820,14820,LoopNet,2025-09-30T18:07:46.832019
https://www.loopnet.com/Listing/501-Mellon-St-SE-Washington-DC/37073445/,10-Unit MFR Building With Significant Upside | 501 Mellon St SE,"501 Mellon St SE, Washington, DC 20032",2025-10-20T19:00:00,2025-10-22T19:00:00,250000.0,0,50000.0,Reserve Not Met,Multifamily,1951,Dean Hunter,Amen Almukhtar,,,,LoopNet,2025-09-30T18:07:53.589132
https://www.loopnet.com/Listing/5825-Jackman-Rd-Toledo-OH/37562425/,Occupied Retail & New Multifamily Opportunity | 5825 Jackman Rd,"5825 Jackman Rd, Toledo, OH 43613",2025-11-10T19:00:00,2025-11-12T19:00:00,150000.0,0,50000.0,Reserve Not Met,Retail,1955,Steven Valentini,Kevin Loudy,,15000,15000,LoopNet,2025-09-30T18:08:01.262924
https://www.loopnet.com/Listing/1930-Sardis-Rd-N-Charlotte-NC/33042000/,Turnkey Second-Generation QSR | 1930 Sardis Rd N,"1930 Sardis Rd N, Charlotte, NC 28270",2025-10-20T19:00:00,2025-10-22T19:00:00,300000.0,0,100000.0,Reserve Not Met,Retail,2004,Ross Robison,Victoria Quade,,3521,3521,LoopNet,2025-09-30T18:08:07.678017
https://www.loopnet.com/Listing/2200-Pacific-Coast-Hwy-Hermosa-Beach-CA/36681900/,Turnkey South Bay Office Condo | #311 | 2200 Pacific Coast Hwy,"2200 Pacific Coast Hwy, Hermosa Beach, CA 90254",2025-10-06T19:00:00,2025-10-08T19:00:00,0,0,100000.0,Reserve Not Met,Office,1982,Richard Melbye,Min Hoang,,,,LoopNet,2025-09-30T18:08:16.034594
https://www.loopnet.com/Listing/2100-16th-Ave-S-Birmingham-AL/37457860/,Ash Place | South Side Medical District | 2100 16th Ave S,"2100 16th Ave S, Birmingham, AL 35205",2025-11-03T19:00:00,2025-11-05T19:00:00,550000.0,0,100000.0,Reserve Not Met,Office,1982,Christopher Thames,Philip Currie,Sophy Cardenas,53170,53170,LoopNet,2025-09-30T18:08:22.962484
https://www.loopnet.com/Listing/50-29th-St-San-Francisco-CA/37154471/,Polished Bernal Heights Commercial Condo | 50 29th St,"50 29th St, San Francisco, CA 94110",2025-10-06T19:00:00,2025-10-08T20:00:00,150000.0,0,50000.0,Reserve Not Met,Office,2005,Rich Lewetzow,Sophy Cardenas,,,,LoopNet,2025-09-30T18:08:28.813653
https://www.loopnet.com/Listing/1007-Highway-332-Clute-TX/37421983/,OYO Townhouse Clute Lake Jackson | 1007 Highway 332,"1007 Highway 332, Clute, TX 77531",2025-10-27T18:00:00,2025-10-29T18:00:00,250000.0,0,100000.0,Reserve Not Met,Hospitality,2009,Zuhair Bheda,Amen Almukhtar,,,,LoopNet,2025-09-30T18:08:35.236840
https://www.loopnet.com/Listing/676-Franklin-Blvd-Somerset-NJ/37686096/,High-Traffic Retail Location | 676 Franklin Blvd,"676 Franklin Blvd, Somerset, NJ 08873",2025-11-10T19:00:00,2025-11-12T19:00:00,325000.0,0,100000.0,Reserve Not Met,Retail,1960,Jacklene Chesler,Patrick Norris,Brittany Leventoff,5000,5000,LoopNet,2025-09-30T18:08:43.616811
https://www.loopnet.com/Listing/10127-Heacock-St-Moreno-Valley-CA/34495261/,17.68 Residential Acres | Inland Empire | 10127 Heacock St,"10127 Heacock St, Moreno Valley, CA 92557",2025-10-20T19:00:00,2025-10-22T20:00:00,150000.0,0,50000.0,Reserve Not Met,Land,,Don Archer,Fabian Chapa,Miguel Chapa,,,LoopNet,2025-09-30T18:08:49.617550
https://www.loopnet.com/Listing/5750-Post-Rd-East-Greenwich-RI/36809827/,Attractive NNN Fully Leased Condo | 5750 Post Rd,"5750 Post Rd, East Greenwich, RI 02818",2025-10-27T18:00:00,2025-10-29T18:30:00,1500000.0,0,250000.0,Reserve Not Met,Office,2012,Chris Lashmet,George Desloge,Dennis Meikleham,,,LoopNet,2025-09-30T18:08:55.551842
https://www.loopnet.com/Listing/8470-8520-Allison-Pointe-Blvd-Indianapolis-IN/37524245/,Lake Pointe III & IV | 8470 & 8520 Allison Pointe Blvd,"8470 & 8520 Allison Pointe Blvd, Indianapolis, IN 46250",2025-10-27T18:00:00,2025-10-29T20:30:00,2350000.0,0,500000.0,Reserve Not Met,Office,2000,Barry Swatsenbarg,Matt Terrace,Jonathan Katz,,,LoopNet,2025-09-30T18:09:02.305175
https://www.loopnet.com/Listing/4444-Union-Pacific-Ave-Commerce-CA/34954962/,Flex with Immediate Freeway Access | East LA | 4444 Union Pacific Ave,"4444 Union Pacific Ave, Commerce, CA 90023",,,0,0,0,,,1963,Hugo Contreras,Amen Almukhtar,,,,LoopNet,2025-09-30T18:09:04.995810
https://www.loopnet.com/Listing/1995-Southlake-Mall-Merrillville-IN/36056465/,Southlake Mall | Surrounded by Demand Drivers | 1995 Southlake Mall,"1995 Southlake Mall, Merrillville, IN 46410",2025-10-06T19:00:00,2025-10-08T18:00:00,1000000.0,0,250000.0,Reserve Not Met,Retail,1976,Jessica Chen,Amen Almukhtar,Scott Levinson,144123,144123,LoopNet,2025-09-30T18:09:15.126750
https://www.loopnet.com/Listing/2351-Westwood-Ct-Arcata-CA/34944586/,Westwood Garden Apartments | Near Cal Poly | 2351 Westwood Ct,"2351 Westwood Ct, Arcata, CA 95521",,,0,0,0,,,1968,Aaron Moayed,Sophy Cardenas,,,,LoopNet,2025-09-30T18:09:19.204372
https://www.loopnet.com/Listing/1914-W-79th-St-Chicago-IL/35954934/,Former KFC | QSR In Retail Corridor | 1914 W 79th St,"1914 W 79th St, Chicago, IL 60620",2025-09-18T19:00:00,2025-10-01T19:00:00,1.0,182500.0,2500.0,Reserve Met,Retail,2005,Chuck Dickstein,Victoria Quade,,3712,3712,LoopNet,2025-09-30T18:09:27.287740
https://www.loopnet.com/Listing/2200-Westbend-Pky-New-Orleans-LA/37242171/,Westbend Apartments | Redevelopment Opp | 2200 Westbend Pky,"2200 Westbend Pky, New Orleans, LA 70114",2025-10-13T19:00:00,2025-10-15T18:00:00,800000.0,0,100000.0,Reserve Not Met,Multifamily,1981,Mark Segalla,Keisha Hartshorn,,,,LoopNet,2025-09-30T18:09:32.607023
https://www.loopnet.com/Listing/3429-N-Prospect-Rd-Peoria-IL/23848526/,Former PNC Bank | Busy Thoroughfare | 3429 N Prospect Rd,"3429 N Prospect Rd, Peoria, IL 61603",2025-10-02T19:00:00,2025-10-15T19:00:00,1.0,0,2500.0,Reserve Not Met,Retail,1980,Shannon Pope,Adam Cody,Sophy Cardenas,9474,9474,LoopNet,2025-09-30T18:09:40.484616
https://www.loopnet.com/Listing/239-S-Cherry-St-Galesburg-IL/36740134/,Redevelopment Opportunity In Enterprise Zone | 239 S Cherry St,"239 S Cherry St, Galesburg, IL 61401",2025-10-20T19:00:00,2025-10-22T19:00:00,150000.0,0,50000.0,Reserve Not Met,Health Care,1912,Ubaldo Diaz,Taylor Cunningham,,,,LoopNet,2025-09-30T18:09:44.670142
https://www.loopnet.com/Listing/1000-1022-South-Petrolia-Avenue-Compton-CA/37387568/,Shovel-Ready Industrial Development | Compton | 1000-1022 South Petrolia Avenue,"1022 South Petrolia Avenue, Compton, CA 90221",2025-10-20T19:00:00,2025-10-22T21:30:00,500000.0,0,100000.0,Reserve Not Met,Land,,Robert Brown,Cheri Mascitelli,,,,LoopNet,2025-09-30T18:09:53.804332
https://www.loopnet.com/Listing/3701-McKinley-Pky-Buffalo-NY/37322986/,Turnkey Investment Fully Occupied by Savers | 3701 McKinley Pky,"3701 McKinley Pky, Buffalo, NY 14219",2025-10-13T19:00:00,2025-10-15T19:30:00,1000000.0,0,250000.0,Reserve Not Met,Retail,1986,Barry Swatsenbarg,Matt Terrace,Bradley Carver,21525,21525,LoopNet,2025-09-30T18:09:56.990712
https://www.loopnet.com/Listing/1415-Young-St-SE-Washington-DC/36335810/,43 Vacant Luxury Apartments | TOPA-Free | DC | 1415 Young St SE,"1415 Young St SE, Washington, DC 20020",2025-10-06T19:00:00,2025-10-08T18:30:00,3000000.0,0,1000000.0,Reserve Not Met,Multifamily,2025,Zach Stone,Michael Muldowney,Kemp Broujos,,,LoopNet,2025-09-30T18:10:07.347702
https://www.loopnet.com/Listing/886-Casteel-Rd-Hazelton-WV/36249590/,Microtel Inn & Suites Hazelton/Bruceton Mills | 886 Casteel Rd,"886 Casteel Rd, Hazelton, WV 26525",,,0,0,0,,,2007,Jennifer Stein,Jameson Kuykendall,,,,LoopNet,2025-09-30T18:10:12.989700
https://www.loopnet.com/Listing/Studio-6-Motel-6-Corpus-Christi-North/37387396/,Studio 6/Motel 6 Corpus Christi North,,2025-10-20T19:00:00,2025-10-22T18:00:00,1100000.0,0,250000.0,Reserve Not Met,Hospitality,1985,Andrew Frosch,Eric Guerrero,Keisha Hartshorn,,,LoopNet,2025-09-30T18:10:33.565158
https://www.loopnet.com/Listing/8101-N-Church-Rd-Kansas-City-MO/36811001/,Fairfield Inn & Suites Kansas City Liberty | 8101 N Church Rd,"8101 N Church Rd, Kansas City, MO 64158",2025-09-29T19:00:00,2025-10-01T19:00:00,1500000.0,1500000.0,500000.0,Reserve Not Met,Hospitality,1991,Dharam Chaudhari,Pace Zambito,,,,LoopNet,2025-09-30T18:10:38.219948
https://www.loopnet.com/Listing/25780-25790-Commerce-Dr-Madison-Heights-MI/28314823/,Flex Office w/  Upside | 1 Medical NNN Tenant | 25780-25790 Commerce Dr,"25790 Commerce Dr, Madison Heights, MI 48071",,,0,0,0,,,1985,John Van Noord,Garrett Keais,Taylor Cunningham,34116,34116,LoopNet,2025-09-30T18:10:43.301827
https://www.loopnet.com/Listing/22-28th-Ave-Venice-CA/35690431/,High-Yield Venice Beach Resi Investment | 22 28th Ave,"22 28th Ave, Venice, CA 90291",,,0,0,0,,,1925,Eli Mashiach,John Artozqui,,,,LoopNet,2025-09-30T18:10:49.860079
https://www.loopnet.com/Listing/5946-5992-W-Jefferson-Blvd-Fort-Wayne-IN/35938212/,Time Corners | Western Building | Robust MSA | 5946-5992 W Jefferson Blvd,"5992 W Jefferson Blvd, Fort Wayne, IN 46804",2025-10-27T18:00:00,2025-10-29T19:30:00,800000.0,0,250000.0,Reserve Not Met,Retail,1960,Jonathan Katz,Bradley Carver,Jameson Kuykendall,37076,37076,LoopNet,2025-09-30T18:10:55.960883
https://www.loopnet.com/Listing/1300-N-Anglin-Cleburne-TX/37291794/,Office Delivered Vacant | DFW MSA | 1300 N Anglin,"1300 N Anglin, Cleburne, TX 76031",2025-10-13T19:00:00,2025-10-15T19:00:00,125000.0,0,50000.0,Reserve Not Met,Office,1980,Thomas Kim,Cheri Mascitelli,,10640,10640,LoopNet,2025-09-30T18:11:06.241673
https://www.loopnet.com/Listing/823-Aaron-Pky-Centralia-IL/35897622/,Industrial Facility | St. Louis MSA | 823 Aaron Pky,"823 Aaron Pky, Centralia, IL 62801",2025-10-06T19:00:00,2025-10-08T19:00:00,250000.0,0,100000.0,Reserve Not Met,Industrial,1950,John Murray,Victoria Quade,,,,LoopNet,2025-09-30T18:11:13.921807
https://www.loopnet.com/Listing/2755-W-Hampden-Ave-Englewood-CO/34857784/,Flexible Service Center or Reuse | Denver MSA | 2755 W Hampden Ave,"2755 W Hampden Ave, Englewood, CO 80110",2025-09-29T19:00:00,2025-10-01T19:00:00,350000.0,350000.0,100000.0,Reserve Not Met,Industrial,1965,Ryan Segovia,Molly Patten,,,,LoopNet,2025-09-30T18:11:20.446424
https://www.loopnet.com/Listing/721-Colorado-Ave-Palo-Alto-CA/30958501/,Midtown Palo Alto Office with Upside | 721 Colorado Ave,"721 Colorado Ave, Palo Alto, CA 94303",2025-11-10T19:00:00,2025-11-12T19:00:00,800000.0,0,250000.0,Reserve Not Met,Office,1964,Jon Goldman,Jesse Ebner,Cheri Mascitelli,6584,6584,LoopNet,2025-09-30T18:11:28.286901
https://www.loopnet.com/Listing/325-S-Fairground-St-Marietta-GA/26166585/,User-Ready Office With On-Site Public Transit | 325 S Fairground St,"325 S Fairground St, Marietta, GA 30060",2025-11-03T19:00:00,2025-11-05T19:00:00,1500000.0,0,250000.0,Reserve Not Met,Office,1982,Boris Garbuz,Amen Almukhtar,,49553,49553,LoopNet,2025-09-30T18:11:35.680831
https://www.loopnet.com/Listing/17950-Preston-Rd-Dallas-TX/37562889/,Preston Plaza | DFW Investment Opportunity | 17950 Preston Rd,"17950 Preston Rd, Dallas, TX 75252",2025-11-10T19:00:00,2025-11-12T19:00:00,2250000.0,0,500000.0,Reserve Not Met,Office,1985,Matthew Murphy,Cheri Mascitelli,,258752,258752,LoopNet,2025-09-30T18:11:45.351783
https://www.loopnet.com/Listing/2200-Pacific-Coast-Hwy-Hermosa-Beach-CA/36683519/,Turnkey South Bay Office Condo | #219 | 2200 Pacific Coast Hwy,"2200 Pacific Coast Hwy, Hermosa Beach, CA 90254",,,0,0,0,,,1982,Richard Melbye,Min Hoang,,,,LoopNet,2025-09-30T18:11:49.907009
https://www.loopnet.com/Listing/15-S-Ash-St-Keenesburg-CO/37171429/,Aladdin at Keenesburg | Assisted Living | 15 S Ash St,"15 S Ash St, Keenesburg, CO 80643",2025-10-06T19:00:00,2025-10-08T19:00:00,225000.0,0,100000.0,Reserve Not Met,Health Care,1998,Vincent Viverito,Shani Shtern,Sophy Cardenas,,,LoopNet,2025-09-30T18:11:57.151202
https://www.loopnet.com/Listing/41000-W-7-Mile-Rd-Northville-MI/34383411/,Yager Professional Center | Office/ Medical | 41000 W 7 Mile Rd,"41000 W 7 Mile Rd, Northville, MI 48167",,,0,0,0,,,1984,Nicholas Sinishtaj,Amen Almukhtar,,26950,26950,LoopNet,2025-09-30T18:12:03.185537
https://www.loopnet.com/Listing/1833-1841-W-Buchanan-St-Phoenix-AZ/32746239/,Flexible Industrial near Downtown Phoenix | 1833-1841 W Buchanan St,"1841 W Buchanan St, Phoenix, AZ 85007",,,0,0,0,,,1967,Chris Keeley,Molly Patten,,,,LoopNet,2025-09-30T18:12:13.463682
https://www.loopnet.com/Listing/1212-High-St-Auburn-CA/35060641/,Value-Add Mixed-Use with Flexible Zoning | 1212 High St,"1212 High St, Auburn, CA 95603",,,0,0,0,,,1964,Kurt Parkinson,Amen Almukhtar,,12184,12184,LoopNet,2025-09-30T18:12:19.279776
https://www.loopnet.com/Listing/601-Eastern-Ave-NE-Capitol-Heights-MD/36079440/,Eastern Avenue Mixed-Use Building and Land | 601 Eastern Ave NE,"601 Eastern Ave NE, Capitol Heights, MD 20743",2025-10-13T19:00:00,2025-10-15T19:00:00,150000.0,0,50000.0,Reserve Not Met,Office,1969,Lorenzo Wooten,Paul Senior,Casey Harrell,6336,6336,LoopNet,2025-09-30T18:12:26.941894
https://www.loopnet.com/Listing/2200-Pacific-Coast-Hwy-Hermosa-Beach-CA/36682097/,Turnkey South Bay Office Condo | #300 | 2200 Pacific Coast Hwy,"2200 Pacific Coast Hwy, Hermosa Beach, CA 90254",2025-10-06T19:00:00,2025-10-08T19:00:00,0,0,50000.0,Reserve Not Met,Office,1982,Richard Melbye,Min Hoang,,,,LoopNet,2025-09-30T18:12:34.217120
https://www.loopnet.com/Listing/1818-E-Baseline-Rd-Mesa-AZ/33613841/,Fully NNN Cash-Flowing MOB | 1818 E Baseline Rd,"1818 E Baseline Rd, Mesa, AZ 85204",2025-10-06T19:00:00,2025-10-08T20:00:00,500000.0,0,100000.0,Reserve Not Met,Office,1996,Lisa Ross,Keisha Hartshorn,,9100,9100,LoopNet,2025-09-30T18:12:38.938687
https://www.loopnet.com/Listing/49-Essex-St-New-York-NY/31694706/,Lower East Side Multifamily + 2 Ground Retail | 49 Essex St,"49 Essex St, New York, NY 10002",2025-10-27T18:00:00,2025-10-29T18:30:00,800000.0,0,250000.0,Reserve Not Met,Multifamily,1900,Lorence Dippolito,Nathanael Lewit,Shawn Naim,,,LoopNet,2025-09-30T18:12:47.728715
https://www.loopnet.com/Listing/621-675-N-University-Blvd-Middletown-OH/37112299/,Highly Visible University Plaza With Upside | 621-675 N University Blvd,"675 N University Blvd, Middletown, OH 45042",2025-10-13T19:00:00,2025-10-15T19:00:00,400000.0,0,100000.0,Reserve Not Met,Retail,1965,Jack Melton,Taylor Cunningham,Joe Wiles,85242,85242,LoopNet,2025-09-30T18:12:55.057189
https://www.loopnet.com/Listing/705-Industrial-Loop-Breckenridge-TX/36923179/,Flexible Turnkey Warehouse with Fenced Yard | 705 Industrial Loop,"705 Industrial Loop, Breckenridge, TX 76424",2025-11-17T19:00:00,2025-11-19T19:00:00,75000.0,0,25000.0,Reserve Not Met,Industrial,1972,John McMackin,John Artozqui,,,,LoopNet,2025-09-30T18:13:02.463738
https://www.loopnet.com/Listing/3100-Carbon-Pl-Boulder-CO/37444613/,Modern Turnkey Office in Boulder | 3100 Carbon Pl,"3100 Carbon Pl, Boulder, CO 80301",2025-10-27T18:00:00,2025-10-29T18:00:00,200000.0,0,100000.0,Reserve Not Met,Office,2003,Beau Gamble,Kevin Nelson,Cheri Mascitelli,15696,15696,LoopNet,2025-09-30T18:13:11.331037
https://www.loopnet.com/Listing/753-759-S-Fetterly-Ave-Los-Angeles-CA/36271148/,Lender Driven Value-Add Retail | 753-759 S Fetterly Ave,"759 S Fetterly Ave, Los Angeles, CA 90022",2025-10-06T19:00:00,2025-10-08T19:00:00,550000.0,0,100000.0,Reserve Not Met,Retail,1990,Brent Koo,John Artozqui,,18454,18454,LoopNet,2025-09-30T18:13:18.448781
https://www.loopnet.com/Listing/Value-Add-Meriden-Executive-Park/37457745/,Value-Add | Meriden Executive Park,,2025-10-20T19:00:00,2025-10-22T21:00:00,2250000.0,0,500000.0,Reserve Not Met,Office,1986,Jose Cruz,Jeremy Neuer,Steve Simonelli,,,LoopNet,2025-09-30T18:13:24.525431
https://www.loopnet.com/Listing/4950-4958-W-Madison-St-Chicago-IL/34853652/,Cash-Flowing MFR Master Lease Through 2034 | 4950-4958 W Madison St,"4958 W Madison St, Chicago, IL 60644",2025-10-13T19:00:00,2025-10-15T21:00:00,600000.0,0,100000.0,Reserve Not Met,Multifamily,1924,Phillip Gross,Sean Connelly,Taylor Cunningham,,,LoopNet,2025-09-30T18:13:31.704966
https://www.loopnet.com/Listing/417-N-20th-St-Birmingham-AL/34842126/,High-Yield Landmark Tower w/ Premier Tenants | 417 N 20th St,"417 N 20th St, Birmingham, AL 35203",2025-11-10T19:00:00,2025-11-12T19:00:00,3250000.0,0,1000000.0,Reserve Not Met,Office,1976,Burch Mixon,Brad Jones,John Artozqui,201971,201971,LoopNet,2025-09-30T18:13:39.490408
https://www.loopnet.com/Listing/746-S-Los-Angeles-St-Los-Angeles-CA/37411952/,Ground-Floor Retail Condo | Fashion District | 746 S Los Angeles St,"746 S Los Angeles St, Los Angeles, CA 90014",2025-10-27T18:00:00,2025-10-29T18:00:00,400000.0,0,100000.0,Reserve Not Met,Retail,1914,Martin Porter,John Artozqui,,,,LoopNet,2025-09-30T18:13:45.581841
https://www.loopnet.com/Listing/28-32-E-Main-St-Carnegie-PA/37107551/,Office Building Along Main Street Corridor | 28-32 E Main St,"32 E Main St, Carnegie, PA 15106",2025-10-06T19:00:00,2025-10-08T19:00:00,125000.0,0,50000.0,Reserve Not Met,Office,1955,Caroline Muse,Victoria Quade,,15909,15909,LoopNet,2025-09-30T18:13:53.726927
https://www.loopnet.com/Listing/14-01-Broadway-Fair-Lawn-NJ/37787468/,Occupied Medical Office in NJ Healthcare Hub | 14-01 Broadway,"01 Broadway, Fair Lawn, NJ 07410",,,0,0,0,,,2012,Jacklene Chesler,Brittany Degrassi,Patrick Norris,15000,15000,LoopNet,2025-09-30T18:13:57.061495
https://www.loopnet.com/Listing/300-E-Riverside-Dr-Estes-Park-CO/37292457/,Opp Zone Resort-Added Tax Credits-Key Upside | 300 E Riverside Dr,"300 E Riverside Dr, Estes Park, CO 80517",,,0,0,0,,,1914,Chris Kilcullen,Avery Sprout,Keisha Hartshorn,,,LoopNet,2025-09-30T18:14:02.406714
https://www.loopnet.com/Listing/Grand-Vista-Cir-Colorado-Springs-CO/37686179/,Grand Vista Cir,,,,0,0,0,,,,Jason Castro,Jameson Kuykendall,,,,LoopNet,2025-09-30T18:33:30.891519
